{"CNM": {"Karate": {"coverage": 0.7564102564102564, "performance": 0.714795008912656, "modularity": 0.3806706114398414, "runtime": 0.0026314258575439453}, "Caveman46": {"coverage": 0.9333333333333333, "performance": 0.9710144927536232, "modularity": 0.6833333333333333, "runtime": 0.0015316009521484375}, "Caveman73": {"coverage": 0.8095238095238095, "performance": 0.8333333333333334, "modularity": 0.5442176870748299, "runtime": 0.0010149478912353516}}, "Louvain": {"Karate": {"coverage": 0.6923076923076923, "performance": 0.7789661319073083, "modularity": 0.3942307692307687, "runtime": 0.007578849792480469}, "Caveman46": {"coverage": 0.9333333333333333, "performance": 0.9710144927536232, "modularity": 0.6833333333333333, "runtime": 0.0024678707122802734}, "Caveman73": {"coverage": 0.8095238095238095, "performance": 0.8333333333333334, "modularity": 0.5442176870748299, "runtime": 0.004109621047973633}}, "RenEEL": {"Karate": {"coverage": 0.7307692307692307, "performance": 0.803921568627451, "modularity": 0.4197896120973035, "runtime": 0.16223382949829102}, "Caveman46": {"coverage": 0.9333333333333333, "performance": 0.9710144927536232, "modularity": 0.6833333333333333, "runtime": 0.19312429428100586}, "Caveman73": {"coverage": 0.7619047619047619, "performance": 0.8857142857142857, "modularity": 0.5555555555555554, "runtime": 0.22952055931091309}}, "GenCom": {"Karate": {"coverage": 0.8717948717948718, "performance": 0.6185383244206774, "modularity": 0.37179487179487, "runtime": 25.37102174758911}, "Caveman46": {"coverage": 0.9333333333333333, "performance": 0.9710144927536232, "modularity": 0.6833333333333333, "runtime": 21.484878540039062}, "Caveman73": {"coverage": 0.7619047619047619, "performance": 0.8476190476190476, "modularity": 0.5192743764172335, "runtime": 30.56215500831604}}}