{"CNM": {"Karate": {"coverage": 0.7564102564102564, "performance": 0.714795008912656, "modularity": 0.3806706114398414, "runtime": 0.0026302337646484375}, "Caveman46": {"coverage": 0.9333333333333333, "performance": 0.9710144927536232, "modularity": 0.6833333333333333, "runtime": 0.0013976097106933594}, "Caveman73": {"coverage": 0.8095238095238095, "performance": 0.8333333333333334, "modularity": 0.5442176870748299, "runtime": 0.000957489013671875}}, "Louvain": {"Karate": {"coverage": 0.7307692307692307, "performance": 0.803921568627451, "modularity": 0.41880341880341804, "runtime": 0.006446361541748047}, "Caveman46": {"coverage": 0.9333333333333333, "performance": 0.9710144927536232, "modularity": 0.6833333333333333, "runtime": 0.003425121307373047}, "Caveman73": {"coverage": 0.8095238095238095, "performance": 0.8428571428571429, "modularity": 0.5532879818594104, "runtime": 0.0031244754791259766}}, "RenEEL": {"Karate": {"coverage": 0.7307692307692307, "performance": 0.803921568627451, "modularity": 0.4197896120973035, "runtime": 0.16911029815673828}, "Caveman46": {"coverage": 0.9333333333333333, "performance": 0.9710144927536232, "modularity": 0.6833333333333333, "runtime": 0.16851544380187988}, "Caveman73": {"coverage": 0.7619047619047619, "performance": 0.8857142857142857, "modularity": 0.5555555555555554, "runtime": 0.17554879188537598}}, "GenCom": {"Karate": {"coverage": 0.7307692307692307, "performance": 0.8128342245989305, "modularity": 0.4142833662064425, "runtime": 34.30210304260254}, "Caveman46": {"coverage": 0.9333333333333333, "performance": 0.9710144927536232, "modularity": 0.6833333333333333, "runtime": 10.883751392364502}, "Caveman73": {"coverage": 0.7142857142857143, "performance": 0.9047619047619048, "modularity": 0.5351473922902494, "runtime": 15.982631921768188}}}