{"CNM": {"Karate": {"coverage": 0.7564102564102564, "performance": 0.714795008912656, "modularity": 0.3806706114398414, "runtime": 0.002591371536254883}, "Caveman46": {"coverage": 0.9333333333333333, "performance": 0.9710144927536232, "modularity": 0.6833333333333333, "runtime": 0.00147247314453125}, "Caveman73": {"coverage": 0.8095238095238095, "performance": 0.8333333333333334, "modularity": 0.5442176870748299, "runtime": 0.001112222671508789}}, "Louvain": {"Karate": {"coverage": 0.7307692307692307, "performance": 0.803921568627451, "modularity": 0.4197896120973035, "runtime": 0.007414340972900391}, "Caveman46": {"coverage": 0.9333333333333333, "performance": 0.9710144927536232, "modularity": 0.6833333333333333, "runtime": 0.003468751907348633}, "Caveman73": {"coverage": 0.8095238095238095, "performance": 0.8333333333333334, "modularity": 0.5442176870748299, "runtime": 0.0034923553466796875}}, "RenEEL": {"Karate": {"coverage": 0.7307692307692307, "performance": 0.803921568627451, "modularity": 0.4197896120973035, "runtime": 0.4439520835876465}, "Caveman46": {"coverage": 0.9333333333333333, "performance": 0.9710144927536232, "modularity": 0.6833333333333333, "runtime": 0.18204593658447266}, "Caveman73": {"coverage": 0.7619047619047619, "performance": 0.8857142857142857, "modularity": 0.5555555555555554, "runtime": 0.18329119682312012}}, "GenCom": {"Karate": {"coverage": 0.7948717948717948, "performance": 0.5953654188948306, "modularity": 0.29454306377383144, "runtime": 35.30827593803406}, "Caveman46": {"coverage": 0.9666666666666667, "performance": 0.5942028985507246, "modularity": 0.34166666666666634, "runtime": 31.069350481033325}, "Caveman73": {"coverage": 0.9047619047619048, "performance": 0.6047619047619047, "modularity": 0.40362811791383296, "runtime": 28.294742584228516}}}