{"CNM": {"Karate": {"coverage": 0.7564102564102564, "performance": 0.714795008912656, "modularity": 0.3806706114398414, "runtime": 0.002781391143798828}, "Caveman46": {"coverage": 0.9333333333333333, "performance": 0.9710144927536232, "modularity": 0.6833333333333333, "runtime": 0.0019207000732421875}, "Caveman73": {"coverage": 0.8095238095238095, "performance": 0.8333333333333334, "modularity": 0.5442176870748299, "runtime": 0.0011124610900878906}}, "Louvain": {"Karate": {"coverage": 0.7564102564102564, "performance": 0.786096256684492, "modularity": 0.4155982905982901, "runtime": 0.006988525390625}, "Caveman46": {"coverage": 0.9333333333333333, "performance": 0.9710144927536232, "modularity": 0.6833333333333333, "runtime": 0.0042877197265625}, "Caveman73": {"coverage": 0.8095238095238095, "performance": 0.8428571428571429, "modularity": 0.5532879818594104, "runtime": 0.0038802623748779297}}, "RenEEL": {"Karate": {"coverage": 0.7307692307692307, "performance": 0.803921568627451, "modularity": 0.4197896120973035, "runtime": 0.33882832527160645}, "Caveman46": {"coverage": 0.9333333333333333, "performance": 0.9710144927536232, "modularity": 0.6833333333333333, "runtime": 0.2256178855895996}, "Caveman73": {"coverage": 0.7619047619047619, "performance": 0.8857142857142857, "modularity": 0.5555555555555556, "runtime": 0.20153093338012695}}, "GenCom": {}}